# spaceflux memory samples, started 2026-09-27T17:34:07Z, duration 420s, interval 5s
epoch	container	usage_bytes	current_bytes	anon_bytes	file_bytes	inactive_file_bytes	swap_bytes	pids	rx_bytes	tx_bytes
1790530450	spaceflux-ingest-1	13058048	13291520	12345344	233472	233472	0	10	94259	114361
1790530450	spaceflux-kafka-1	497856512	575709184	477364224	92598272	77852672	0	106	621565	47786
1790530450	_containers_total	510914560					0			
1790530450	_host_used	4755189760					2597105664			
1790530450	_host_available	2895724544								
1790530455	spaceflux-ingest-1	13058048	13291520	12345344	233472	233472	0	10	94325	114427
1790530455	spaceflux-kafka-1	573571072	651456512	551694336	92631040	77885440	0	129	621631	47852
1790530455	_containers_total	586629120					0			
1790530455	_host_used	4745326592					2597044224			
1790530455	_host_available	2905587712								
1790530460	spaceflux-ingest-1	13058048	13291520	12345344	233472	233472	0	10	94325	114427
1790530460	spaceflux-kafka-1	495706112	571985920	474968064	91025408	76279808	0	106	621631	47852
1790530460	_containers_total	508764160					0			
1790530460	_host_used	4644323328					2606997504			
1790530460	_host_available	3006590976								
1790530465	spaceflux-ingest-1	13058048	13291520	12345344	233472	233472	0	10	94523	114625
1790530465	spaceflux-kafka-1	493883392	570163200	473776128	91025408	76279808	0	106	621763	47984
1790530465	_containers_total	506941440					0			
1790530465	_host_used	4574806016					2606993408			
1790530465	_host_available	3076108288								
1790530470	spaceflux-ingest-1	13058048	13291520	12345344	233472	233472	0	10	94589	114691
1790530470	spaceflux-kafka-1	493809664	570093568	473698304	91029504	76283904	0	106	621829	48050
1790530470	_containers_total	506867712					0			
1790530470	_host_used	4551667712					2606985216			
1790530470	_host_available	3099246592								
1790530475	spaceflux-ingest-1	13316096	13549568	12345344	233472	233472	0	10	94787	115087
1790530475	spaceflux-kafka-1	493871104	570155008	473501696	91029504	76283904	0	106	622225	48248
1790530475	_containers_total	507187200					0			
1790530475	_host_used	4498014208					2606735360			
1790530475	_host_available	3152900096								
1790530480	spaceflux-ingest-1	13049856	13283328	12345344	233472	233472	0	10	95168	115195
1790530480	spaceflux-kafka-1	493961216	570245120	473501696	91029504	76283904	0	106	622267	48290
1790530480	_containers_total	507011072					0			
1790530480	_host_used	4476026880					2593554432			
1790530480	_host_available	3174887424								
1790530485	spaceflux-ingest-1	13049856	13283328	12345344	233472	233472	0	10	95252	115279
1790530485	spaceflux-kafka-1	493862912	570146816	473501696	91029504	76283904	0	106	622267	48290
1790530485	_containers_total	506912768					0			
1790530485	_host_used	4453220352					2593529856			
1790530485	_host_available	3197693952								
1790530490	spaceflux-ingest-1	13049856	13283328	12345344	233472	233472	0	10	95252	115279
1790530490	spaceflux-kafka-1	522182656	598499328	501518336	91062272	76316672	0	125	622267	48290
1790530490	_containers_total	535232512					0			
1790530490	_host_used	4420562944					2593525760			
1790530490	_host_available	3230351360								
1790530495	spaceflux-ingest-1	13049856	13283328	12345344	233472	233472	0	10	95318	115345
1790530495	spaceflux-kafka-1	494247936	570531840	473509888	91029504	76283904	0	106	622267	48290
1790530495	_containers_total	507297792					0			
1790530495	_host_used	4418752512					2593452032			
1790530495	_host_available	3232161792								
1790530500	spaceflux-ingest-1	13049856	13283328	12345344	233472	233472	0	10	95318	115345
1790530500	spaceflux-kafka-1	493744128	570032128	473509888	91033600	76288000	0	106	622267	48290
1790530500	_containers_total	506793984					0			
1790530500	_host_used	4397240320					2593325056			
1790530500	_host_available	3253673984								
1790530506	spaceflux-ingest-1	13049856	13283328	12345344	233472	233472	0	10	95318	115345
1790530506	spaceflux-kafka-1	494260224	570548224	473509888	91033600	76288000	0	106	622267	48290
1790530506	_containers_total	507310080					0			
1790530506	_host_used	4418461696					2579034112			
1790530506	_host_available	3232452608								
1790530511	spaceflux-ingest-1	13049856	13283328	12345344	233472	233472	0	10	95384	115411
1790530511	spaceflux-kafka-1	493805568	570093568	473509888	91033600	76288000	0	106	622267	48290
1790530511	_containers_total	506855424					0			
1790530511	_host_used	4366663680					2578632704			
1790530511	_host_available	3284250624								
1790530516	spaceflux-ingest-1	13049856	13283328	12345344	233472	233472	0	10	95384	115411
1790530516	spaceflux-kafka-1	588947456	665268224	567046144	91066368	76320768	0	129	622267	48290
1790530516	_containers_total	601997312					0			
1790530516	_host_used	4461293568					2578268160			
1790530516	_host_available	3189620736								
1790530521	spaceflux-ingest-1	13049856	13283328	12345344	233472	233472	0	10	95384	115411
1790530521	spaceflux-kafka-1	493871104	570159104	473509888	91033600	76288000	0	106	622267	48290
1790530521	_containers_total	506920960					0			
1790530521	_host_used	4394123264					2578264064			
1790530521	_host_available	3256791040								
1790530526	spaceflux-ingest-1	13049856	13283328	12345344	233472	233472	0	10	95450	115477
1790530526	spaceflux-kafka-1	494215168	570503168	473698304	91033600	76288000	0	106	622267	48290
1790530526	_containers_total	507265024					0			
1790530526	_host_used	4372758528					2568933376			
1790530526	_host_available	3278155776								
1790530531	spaceflux-ingest-1	13049856	13283328	12345344	233472	233472	0	10	95492	115519
1790530531	spaceflux-kafka-1	493727744	570019840	473509888	91037696	76292096	0	106	622267	48290
1790530531	_containers_total	506777600					0			
1790530531	_host_used	4352552960					2568900608			
1790530531	_host_available	3298361344								
1790530536	spaceflux-ingest-1	13049856	13283328	12345344	233472	233472	0	10	95492	115519
1790530536	spaceflux-kafka-1	493621248	569913344	473509888	91037696	76292096	0	106	622267	48290
1790530536	_containers_total	506671104					0			
1790530536	_host_used	4341108736					2568888320			
1790530536	_host_available	3309805568								
1790530541	spaceflux-ingest-1	13049856	13283328	12345344	233472	233472	0	10	95558	115585
1790530541	spaceflux-kafka-1	493998080	570290176	473509888	91037696	76292096	0	106	622267	48290
1790530541	_containers_total	507047936					0			
1790530541	_host_used	4425990144					2568884224			
1790530541	_host_available	3224924160								
1790530546	spaceflux-ingest-1	13045760	13279232	12345344	233472	233472	0	10	95803	115627
1790530546	spaceflux-kafka-1	494125056	570417152	473509888	91037696	76292096	0	106	622267	48290
1790530546	_containers_total	507170816					0			
1790530546	_host_used	4382494720					2568466432			
1790530546	_host_available	3268419584								
1790530551	spaceflux-ingest-1	13045760	13279232	12345344	233472	233472	0	10	95873	115627
1790530551	spaceflux-kafka-1	534605824	610930688	513511424	91070464	76324864	0	125	622267	48290
1790530551	_containers_total	547651584					0			
1790530551	_host_used	4380557312					2567671808			
1790530551	_host_available	3270356992								
1790530556	spaceflux-ingest-1	13045760	13279232	12345344	233472	233472	0	10	95939	115693
1790530556	spaceflux-kafka-1	494194688	570490880	473739264	91041792	76296192	0	106	622267	48290
1790530556	_containers_total	507240448					0			
1790530556	_host_used	4337590272					2567610368			
1790530556	_host_available	3313324032								
1790530561	spaceflux-ingest-1	13045760	13279232	12345344	233472	233472	0	10	95939	115693
1790530561	spaceflux-kafka-1	493907968	570204160	473513984	91041792	76296192	0	106	622267	48290
1790530561	_containers_total	506953728					0			
1790530561	_host_used	4394143744					2567327744			
1790530561	_host_available	3256770560								
1790530566	spaceflux-ingest-1	13045760	13279232	12345344	233472	233472	0	10	95939	115693
1790530566	spaceflux-kafka-1	494137344	570433536	473526272	91041792	76296192	0	106	622267	48290
1790530566	_containers_total	507183104					0			
1790530566	_host_used	4495294464					2567249920			
1790530566	_host_available	3155619840								
1790530571	spaceflux-ingest-1	13045760	13279232	12345344	233472	233472	0	10	96005	115759
1790530571	spaceflux-kafka-1	494428160	570728448	473538560	91045888	76300288	0	106	622267	48290
1790530571	_containers_total	507473920					0			
1790530571	_host_used	4391399424					2567192576			
1790530571	_host_available	3259514880								
1790530579	spaceflux-ingest-1	13045760	13279232	12345344	233472	233472	0	10	96047	115801
1790530579	spaceflux-kafka-1	494829568	571129856	473944064	91045888	76300288	0	106	622267	48290
1790530579	_containers_total	507875328					0			
1790530579	_host_used	4370288640					2567086080			
1790530579	_host_available	3280625664								
1790530584	spaceflux-ingest-1	13045760	13279232	12345344	233472	233472	0	10	96113	115867
1790530584	spaceflux-kafka-1	494264320	570564608	473571328	91045888	76300288	0	106	622267	48290
1790530584	_containers_total	507310080					0			
1790530584	_host_used	4371013632					2567077888			
1790530584	_host_available	3279900672								
1790530589	spaceflux-ingest-1	13045760	13279232	12345344	233472	233472	0	10	96113	115867
1790530589	spaceflux-kafka-1	494628864	570929152	473853952	91045888	76300288	0	106	622267	48290
1790530589	_containers_total	507674624					0			
1790530589	_host_used	4449873920					2567024640			
1790530589	_host_available	3201040384								
1790530595	spaceflux-ingest-1	9531392	9764864	8830976	233472	233472	0	10	96113	115867
1790530595	spaceflux-kafka-1	497373184	573677568	476749824	91049984	76304384	0	106	622267	48290
1790530595	_containers_total	506904576					0			
1790530595	_host_used	4376334336					2567024640			
1790530595	_host_available	3274579968								
1790530600	spaceflux-ingest-1	8187904	8421376	7487488	233472	233472	0	10	96179	115933
1790530600	spaceflux-kafka-1	542527488	618864640	521060352	91082752	76337152	0	126	622267	48290
1790530600	_containers_total	550715392					0			
1790530600	_host_used	4366356480					2566979584			
1790530600	_host_available	3284557824								
1790530605	spaceflux-ingest-1	8187904	8421376	7487488	233472	233472	0	10	96221	115975
1790530605	spaceflux-kafka-1	496988160	573292544	476151808	91049984	76304384	0	106	622267	48290
1790530605	_containers_total	505176064					0			
1790530605	_host_used	4344369152					2566975488			
1790530605	_host_available	3306545152								
1790530610	spaceflux-ingest-1	8187904	8421376	7487488	233472	233472	0	10	96221	115975
1790530610	spaceflux-kafka-1	496455680	572760064	475664384	91049984	76304384	0	106	622267	48290
1790530610	_containers_total	504643584					0			
1790530610	_host_used	4314566656					2566975488			
1790530610	_host_available	3336347648								
1790530615	spaceflux-ingest-1	8187904	8421376	7487488	233472	233472	0	10	96287	116041
1790530615	spaceflux-kafka-1	494059520	570363904	473645056	91049984	76304384	0	106	622267	48290
1790530615	_containers_total	502247424					0			
1790530615	_host_used	4540084224					2566963200			
1790530615	_host_available	3110830080								
1790530620	spaceflux-ingest-1	8187904	8421376	7487488	233472	233472	0	10	96287	116041
1790530620	spaceflux-kafka-1	494034944	570343424	473645056	91054080	76308480	0	106	622267	48290
1790530620	_containers_total	502222848					0			
1790530620	_host_used	4360441856					2566959104			
1790530620	_host_available	3290472448								
1790530625	spaceflux-ingest-1	8187904	8421376	7487488	233472	233472	0	10	96287	116041
1790530625	spaceflux-kafka-1	609050624	685391872	587227136	91086848	76341248	0	125	622267	48290
1790530625	_containers_total	617238528					0			
1790530625	_host_used	4444110848					2566885376			
1790530625	_host_available	3206803456								
1790530630	spaceflux-ingest-1	8187904	8421376	7487488	233472	233472	0	10	96353	116107
1790530630	spaceflux-kafka-1	494481408	570789888	474189824	91054080	76308480	0	106	622267	48290
1790530630	_containers_total	502669312					0			
1790530630	_host_used	4321681408					2566868992			
1790530630	_host_available	3329232896								
1790530635	spaceflux-ingest-1	8187904	8421376	7487488	233472	233472	0	10	96395	116149
1790530635	spaceflux-kafka-1	494194688	570503168	473681920	91054080	76308480	0	106	622267	48290
1790530635	_containers_total	502382592					0			
1790530635	_host_used	4322766848					2566864896			
1790530635	_host_available	3328147456								
1790530640	spaceflux-ingest-1	8187904	8421376	7487488	233472	233472	0	10	96395	116149
1790530640	spaceflux-kafka-1	494116864	570425344	473681920	91054080	76308480	0	106	622267	48290
1790530640	_containers_total	502304768					0			
1790530640	_host_used	4327944192					2566856704			
1790530640	_host_available	3322970112								
1790530645	spaceflux-ingest-1	8187904	8421376	7487488	233472	233472	0	10	96461	116215
1790530645	spaceflux-kafka-1	494137344	570445824	473681920	91054080	76308480	0	106	622267	48290
1790530645	_containers_total	502325248					0			
1790530645	_host_used	4348014592					2566823936			
1790530645	_host_available	3302899712								
1790530650	spaceflux-ingest-1	8187904	8421376	7487488	233472	233472	0	10	96461	116215
1790530650	spaceflux-kafka-1	495345664	571658240	474865664	91058176	76312576	0	106	622267	48290
1790530650	_containers_total	503533568					0			
1790530650	_host_used	4321898496					2566823936			
1790530650	_host_available	3329015808								
1790530655	spaceflux-ingest-1	8450048	8683520	7487488	233472	233472	0	10	96764	116437
1790530655	spaceflux-kafka-1	496635904	572948480	476028928	91058176	76312576	0	106	622267	48290
1790530655	_containers_total	505085952					0			
1790530655	_host_used	4411064320					2566729728			
1790530655	_host_available	3239849984								
1790530661	spaceflux-ingest-1	8183808	8417280	7487488	233472	233472	0	10	96806	116479
1790530661	spaceflux-kafka-1	578703360	655048704	556920832	91090944	76345344	0	129	622267	48290
1790530661	_containers_total	586887168					0			
1790530661	_host_used	4418035712					2566729728			
1790530661	_host_available	3232878592								
1790530666	spaceflux-ingest-1	8183808	8417280	7487488	233472	233472	0	10	96806	116479
1790530666	spaceflux-kafka-1	494632960	570945536	474251264	91058176	76312576	0	106	622267	48290
1790530666	_containers_total	502816768					0			
1790530666	_host_used	4371079168					2566721536			
1790530666	_host_available	3279835136								
1790530671	spaceflux-ingest-1	8183808	8417280	7487488	233472	233472	0	10	97009	116479
1790530671	spaceflux-kafka-1	495517696	571830272	475099136	91058176	76312576	0	106	622267	48290
1790530671	_containers_total	503701504					0			
1790530671	_host_used	4360454144					2566721536			
1790530671	_host_available	3290460160								
1790530676	spaceflux-ingest-1	8183808	8417280	7487488	233472	233472	0	10	97009	116479
1790530676	spaceflux-kafka-1	494866432	571179008	474349568	91058176	76312576	0	106	622267	48290
1790530676	_containers_total	503050240					0			
1790530676	_host_used	4322222080					2566717440			
1790530676	_host_available	3328692224								
1790530681	spaceflux-ingest-1	8183808	8417280	7487488	233472	233472	0	10	97009	116479
1790530681	spaceflux-kafka-1	496427008	572743680	475799552	91062272	76316672	0	106	622267	48290
1790530681	_containers_total	504610816					0			
1790530681	_host_used	4319547392					2566717440			
1790530681	_host_available	3331366912								
1790530686	spaceflux-ingest-1	7823360	8056832	7127040	233472	233472	0	10	97009	116479
1790530686	spaceflux-kafka-1	495185920	571502592	474406912	91062272	76316672	0	106	622267	48290
1790530686	_containers_total	503009280					0			
1790530686	_host_used	4348497920					2566066176			
1790530686	_host_available	3302416384								
1790530691	spaceflux-ingest-1	7823360	8056832	7127040	233472	233472	0	10	97009	116479
1790530691	spaceflux-kafka-1	494751744	571068416	473817088	91062272	76316672	0	106	622267	48290
1790530691	_containers_total	502575104					0			
1790530691	_host_used	4314959872					2566066176			
1790530691	_host_available	3335954432								
1790530696	spaceflux-ingest-1	7823360	8056832	7127040	233472	233472	0	10	97009	116479
1790530696	spaceflux-kafka-1	540364800	616714240	518877184	91095040	76349440	0	125	622267	48290
1790530696	_containers_total	548188160					0			
1790530696	_host_used	4373790720					2565971968			
1790530696	_host_available	3277123584								
1790530701	spaceflux-ingest-1	7823360	8056832	7127040	233472	233472	0	10	97079	116479
1790530701	spaceflux-kafka-1	496521216	572837888	475897856	91062272	76316672	0	106	622267	48290
1790530701	_containers_total	504344576					0			
1790530701	_host_used	4336451584					2565971968			
1790530701	_host_available	3314462720								
1790530706	spaceflux-ingest-1	7823360	8056832	7127040	233472	233472	0	10	97079	116479
1790530706	spaceflux-kafka-1	494186496	570507264	473837568	91066368	76320768	0	106	622267	48290
1790530706	_containers_total	502009856					0			
1790530706	_host_used	4386013184					2565971968			
1790530706	_host_available	3264901120								
1790530711	spaceflux-ingest-1	7823360	8056832	7127040	233472	233472	0	10	97079	116479
1790530711	spaceflux-kafka-1	496091136	572416000	475426816	91070464	76324864	0	106	622267	48290
1790530711	_containers_total	503914496					0			
1790530711	_host_used	4343787520					2545467392			
1790530711	_host_available	3307126784								
1790530716	spaceflux-ingest-1	9801728	10035200	8986624	233472	233472	0	10	170462	131418
1790530716	spaceflux-kafka-1	494927872	571256832	474226688	91074560	76328960	0	106	625348	50885
1790530716	_containers_total	504729600					0			
1790530716	_host_used	4344262656					2545467392			
1790530716	_host_available	3306651648								
1790530721	spaceflux-ingest-1	9695232	9928704	8986624	233472	233472	0	10	179990	131502
1790530721	spaceflux-kafka-1	578359296	654721024	556847104	91107328	76361728	0	129	633928	50885
1790530721	_containers_total	588054528					0			
1790530721	_host_used	4427329536					2545467392			
1790530721	_host_available	3223584768								
1790530726	spaceflux-ingest-1	9695232	9928704	8986624	233472	233472	0	10	180834	131502
1790530726	spaceflux-kafka-1	494977024	571305984	474439680	91074560	76328960	0	106	635636	50885
1790530726	_containers_total	504672256					0			
1790530726	_host_used	4359524352					2545377280			
1790530726	_host_available	3291389952								
1790530732	spaceflux-ingest-1	9695232	9928704	8986624	233472	233472	0	10	181032	131700
1790530732	spaceflux-kafka-1	494542848	570871808	474365952	91074560	76328960	0	106	635768	51017
1790530732	_containers_total	504238080					0			
1790530732	_host_used	4336893952					2545373184			
1790530732	_host_available	3314020352								
1790530737	spaceflux-ingest-1	9695232	9928704	8986624	233472	233472	0	10	181032	131700
1790530737	spaceflux-kafka-1	494153728	570482688	474030080	91074560	76328960	0	106	635768	51017
1790530737	_containers_total	503848960					0			
1790530737	_host_used	4374798336					2545258496			
1790530737	_host_available	3276115968								
1790530742	spaceflux-ingest-1	9695232	9928704	8986624	233472	233472	0	10	181032	131700
1790530742	spaceflux-kafka-1	494153728	570486784	474030080	91078656	76333056	0	106	635768	51017
1790530742	_containers_total	503848960					0			
1790530742	_host_used	4435374080					2545217536			
1790530742	_host_available	3215540224								
1790530747	spaceflux-ingest-1	9695232	9928704	8986624	233472	233472	0	10	181230	131898
1790530747	spaceflux-kafka-1	494379008	570712064	474083328	91078656	76333056	0	106	635900	51149
1790530747	_containers_total	504074240					0			
1790530747	_host_used	4510470144					2545106944			
1790530747	_host_available	3140444160								
1790530752	spaceflux-ingest-1	9695232	9928704	8986624	233472	233472	0	10	181230	131898
1790530752	spaceflux-kafka-1	494465024	570798080	474083328	91078656	76333056	0	106	635900	51149
1790530752	_containers_total	504160256					0			
1790530752	_host_used	4418498560					2545086464			
1790530752	_host_available	3232415744								
1790530757	spaceflux-ingest-1	9695232	9928704	8986624	233472	233472	0	10	181230	131898
1790530757	spaceflux-kafka-1	516202496	592547840	495239168	91090944	76345344	0	124	635900	51149
1790530757	_containers_total	525897728					0			
1790530757	_host_used	4724436992					2558111744			
1790530757	_host_available	2926477312								
1790530762	spaceflux-ingest-1	9695232	9928704	8986624	233472	233472	0	10	181428	132096
1790530762	spaceflux-kafka-1	497025024	566521856	476536832	84242432	69496832	0	106	636032	51281
1790530762	_containers_total	506720256					0			
1790530762	_host_used	4536504320					2572464128			
1790530762	_host_available	3114409984								
1790530767	spaceflux-ingest-1	9695232	9928704	8986624	233472	233472	0	10	181512	132180
1790530767	spaceflux-kafka-1	494698496	564195328	474112000	84242432	69496832	0	106	636074	51323
1790530767	_containers_total	504393728					0			
1790530767	_host_used	4445974528					2571898880			
1790530767	_host_available	3204939776								
1790530772	spaceflux-ingest-1	9695232	9928704	8986624	233472	233472	0	10	181512	132180
1790530772	spaceflux-kafka-1	494485504	563986432	474497024	84246528	69500928	0	106	636074	51323
1790530772	_containers_total	504180736					0			
1790530772	_host_used	4464447488					2571788288			
1790530772	_host_available	3186466816								
1790530777	spaceflux-ingest-1	9703424	9936896	8986624	233472	233472	0	10	181710	132510
1790530777	spaceflux-kafka-1	494993408	564494336	474431488	84246528	69500928	0	106	636338	51455
1790530777	_containers_total	504696832					0			
1790530777	_host_used	4422443008					2571653120			
1790530777	_host_available	3228471296								
1790530782	spaceflux-ingest-1	9687040	9920512	8986624	233472	233472	0	10	181752	132552
1790530782	spaceflux-kafka-1	577437696	647012352	555442176	84357120	69574656	0	129	636338	51455
1790530782	_containers_total	587124736					0			
1790530782	_host_used	4469305344					2571210752			
1790530782	_host_available	3181608960								
1790530787	spaceflux-ingest-1	9687040	9920512	8986624	233472	233472	0	10	181752	132552
1790530787	spaceflux-kafka-1	494809088	564350976	474226688	84324352	69541888	0	106	636338	51455
1790530787	_containers_total	504496128					0			
1790530787	_host_used	4456173568					2571087872			
1790530787	_host_available	3194740736								
1790530793	spaceflux-ingest-1	9687040	9920512	8986624	233472	233472	0	10	181818	132618
1790530793	spaceflux-kafka-1	494583808	564125696	474165248	84324352	69541888	0	106	636541	51455
1790530793	_containers_total	504270848					0			
1790530793	_host_used	4411318272					2571083776			
1790530793	_host_available	3239596032								
1790530798	spaceflux-ingest-1	9687040	9920512	8986624	233472	233472	0	10	181818	132618
1790530798	spaceflux-kafka-1	494546944	564088832	474517504	84324352	69541888	0	106	636541	51455
1790530798	_containers_total	504233984					0			
1790530798	_host_used	4435275776					2570985472			
1790530798	_host_available	3215638528								
1790530803	spaceflux-ingest-1	9687040	9920512	8986624	233472	233472	0	10	181818	132618
1790530803	spaceflux-kafka-1	494649344	564207616	474222592	84340736	69558272	0	106	636541	51455
1790530803	_containers_total	504336384					0			
1790530803	_host_used	4413444096					2569662464			
1790530803	_host_available	3237470208								
1790530808	spaceflux-ingest-1	9687040	9920512	8986624	233472	233472	0	10	181884	132684
1790530808	spaceflux-kafka-1	496046080	565604352	475369472	84340736	69558272	0	106	636541	51455
1790530808	_containers_total	505733120					0			
1790530808	_host_used	4392374272					2569494528			
1790530808	_host_available	3258540032								
1790530813	spaceflux-ingest-1	9687040	9920512	8986624	233472	233472	0	10	181884	132684
1790530813	spaceflux-kafka-1	494952448	564510720	474259456	84340736	69558272	0	106	636541	51455
1790530813	_containers_total	504639488					0			
1790530813	_host_used	4384768000					2568884224			
1790530813	_host_available	3266146304								
1790530818	spaceflux-ingest-1	9687040	9920512	8986624	233472	233472	0	10	181884	132684
1790530818	spaceflux-kafka-1	526413824	596004864	504897536	84373504	69591040	0	125	636541	51455
1790530818	_containers_total	536100864					0			
1790530818	_host_used	4415434752					2568884224			
1790530818	_host_available	3235479552								
1790530823	spaceflux-ingest-1	9687040	9920512	8986624	233472	233472	0	10	181950	132750
1790530823	spaceflux-kafka-1	494895104	564453376	474288128	84340736	69558272	0	106	636541	51455
1790530823	_containers_total	504582144					0			
1790530823	_host_used	4343586816					2568876032			
1790530823	_host_available	3307327488								
1790530828	spaceflux-ingest-1	9687040	9920512	8986624	233472	233472	0	10	181992	132792
1790530828	spaceflux-kafka-1	494718976	564281344	474288128	84344832	69562368	0	106	636541	51455
1790530828	_containers_total	504406016					0			
1790530828	_host_used	4313952256					2568876032			
1790530828	_host_available	3336962048								
1790530833	spaceflux-ingest-1	9687040	9920512	8986624	233472	233472	0	10	181992	132792
1790530833	spaceflux-kafka-1	495280128	564842496	474308608	84344832	69562368	0	106	636541	51455
1790530833	_containers_total	504967168					0			
1790530833	_host_used	4315664384					2568876032			
1790530833	_host_available	3335249920								
1790530838	spaceflux-ingest-1	9687040	9920512	8986624	233472	233472	0	10	182058	132858
1790530838	spaceflux-kafka-1	494989312	564551680	474308608	84344832	69562368	0	106	636541	51455
1790530838	_containers_total	504676352					0			
1790530838	_host_used	4317351936					2568871936			
1790530838	_host_available	3333562368								
1790530843	spaceflux-ingest-1	9687040	9920512	8986624	233472	233472	0	10	182100	132900
1790530843	spaceflux-kafka-1	609009664	678604800	586997760	84377600	69595136	0	129	636541	51455
1790530843	_containers_total	618696704					0			
1790530843	_host_used	4413722624					2568871936			
1790530843	_host_available	3237191680								
1790530848	spaceflux-ingest-1	9687040	9920512	8986624	233472	233472	0	10	182100	132900
1790530848	spaceflux-kafka-1	495271936	564834304	474324992	84344832	69562368	0	106	636541	51455
1790530848	_containers_total	504958976					0			
1790530848	_host_used	4278972416					2568859648			
1790530848	_host_available	3371941888								
1790530853	spaceflux-ingest-1	9687040	9920512	8986624	233472	233472	0	10	182166	132966
1790530853	spaceflux-kafka-1	495235072	564797440	474337280	84344832	69562368	0	106	636541	51455
1790530853	_containers_total	504922112					0			
1790530853	_host_used	4277493760					2568859648			
1790530853	_host_available	3373420544								
1790530858	spaceflux-ingest-1	9687040	9920512	8986624	233472	233472	0	10	182166	132966
1790530858	spaceflux-kafka-1	514035712	583602176	493412352	84348928	69566464	0	106	636541	51455
1790530858	_containers_total	523722752					0			
1790530858	_host_used	4311564288					2568859648			
1790530858	_host_available	3339350016								
1790530864	spaceflux-ingest-1	9687040	9920512	8986624	233472	233472	0	10	182166	132966
1790530864	spaceflux-kafka-1	495030272	564596736	474419200	84348928	69566464	0	106	636541	51455
1790530864	_containers_total	504717312					0			
1790530864	_host_used	4288753664					2568855552			
1790530864	_host_available	3362160640								
1790530869	spaceflux-ingest-1	9687040	9920512	8986624	233472	233472	0	10	182232	133032
1790530869	spaceflux-kafka-1	496619520	566185984	476037120	84348928	69566464	0	106	636541	51455
1790530869	_containers_total	506306560					0			
1790530869	_host_used	4261638144					2568851456			
1790530869	_host_available	3389276160								
